Speaker_ID,main_speaker
0,Ken Robinson
1,Al Gore
2,David Pogue
3,Majora Carter
4,Hans Rosling
5,Tony Robbins
6,Julia Sweeney
7,Joshua Prince-Ramus
8,Dan Dennett
9,Rick Warren
10,Cameron Sinclair
11,Jehane Noujaim
12,Larry Brilliant
13,Jeff Han
14,Nicholas Negroponte
15,Sirena Huang
16,Jennifer Lin
17,Amy Smith
18,Ross Lovegrove
19,Jimmy Wales
20,Richard Baraniuk
21,Ze Frank
22,Mena Trott
23,Helen Fisher
24,Eve Ensler
25,David Deutsch
26,Richard Dawkins
27,Steven Levitt
28,Malcolm Gladwell
29,Dan Gilbert
30,Barry Schwartz
31,Eva Vertes
32,Aubrey de Grey
33,Iqbal Quadir
34,Jacqueline Novogratz
35,Sasa Vucinic
36,Ashraf Ghani
37,Burt Rutan
38,Ben Saunders
39,Bono
40,Edward Burtynsky
41,Robert Fischell
42,Peter Donnelly
43,Michael Shermer
44,Ray Kurzweil
45,Kevin Kelly
46,Peter Gabriel
47,Richard St. John
48,Rives
49,Dean Ornish
50,Robert Neuwirth
51,Bjorn Lomborg
52,Wade Davis
53,Phil Borges
54,Martin Rees
55,Robert Wright
56,Steven Johnson
57,Charles Leadbeater
58,Pilobolus
59,Anna Deavere Smith
60,Saul Griffith
61,Neil Gershenfeld
62,Carl HonorÃ©
63,Bill Clinton
64,E.O. Wilson
65,James Nachtwey
66,Jane Goodall
67,Seth Godin
68,James Watson
69,Al Seckel
70,Dean Kamen
71,Juan Enriquez
72,Stefan Sagmeister
73,Alex Steffen
74,Thom Mayne
75,Chris Bangle
76,Nora York
77,Paul Bennett
78,Vik Muniz
79,Nick Bostrom
80,Janine Benyus
81,Craig Venter
82,Golan Levin
83,Susan Savage-Rumbaugh
84,Frans Lanting
85,Sheila Patek
86,Jill Sobule
87,Caroline Lavelle
88,Evelyn Glennie
89,William McDonough
90,Jeff Bezos
91,Eddi Reader
92,Tom Honey
93,Tom Rielly
94,Rachelle Garniez
95,Chris Anderson
96,Natalie MacMaster
97,Sergey Brin + Larry Page
98,Stew
99,James Howard Kunstler
100,David Kelley
101,Stewart Brand
102,Jeff Hawkins
103,Tierney Thys
104,Blaise AgÃ¼era y Arcas
105,John Doerr
106,Ngozi Okonjo-Iweala
107,Anand Agarawala
108,Robert Thurman
109,David Rockwell
110,Thomas Barnett
111,Ethel
112,Stephen Lawler
113,Bill Stone
114,Alan Russell
115,Jonathan Harris
116,Emily Oster
117,Will Wright
118,David Bolinsky
119,Allison Hunt
120,George Ayittey
121,William Kamkwamba
122,Euvin Naidoo
123,Patrick Awuah
124,Chris Abani
125,Vusi Mahlasela
126,Jeff Skoll
127,Erin McKean
128,Andrew Mwenda
129,Theo Jansen
130,Steven Pinker
131,Deborah Scranton
132,Zeresenay Alemseged
133,John Maeda
134,Stephen Petranek
135,Paul MacCready
136,Carolyn Porco
137,Kenichi Ebina
138,Richard Branson
139,Hod Lipson
140,Maira Kalman
141,Jan Chipchase
142,VS Ramachandran
143,Eleni Gabre-Madhin
144,Sherwin Nuland
145,Matthieu Ricard
146,Lawrence Lessig
147,Paul Rothemund
148,David Keith
149,Robert Full
150,Ron Eglash
151,Philippe Starck
152,Murray Gell-Mann
153,Amory Lovins
154,Arthur Benjamin
155,Daniel Goleman
156,Lakshmi Pratury
157,Gever Tulley
158,Isabel Allende
159,Yossi Vardi
160,Deborah Gordon
161,J.J. Abrams
162,David Gallo
163,Paola Antonelli
164,Frank Gehry
165,Raul Midon
166,Bill Strickland
167,Bernie Dunlap
168,Alison Jackson
169,Robin Chase
170,Jaime Lerner
171,David Macaulay
172,Michael Pollan
173,Howard Rheingold
174,Pamelia Kurstin
175,George Dyson
176,Moshe Safdie
177,Jill Sobule + Julia Sweeney
178,Raspyni Brothers
179,Joseph Lekuton
180,Steve Jurvetson
181,Roy Gould + Curtis Wong
182,Alan Kay
183,Jill Bolte Taylor
184,Dave Eggers
185,Karen Armstrong
186,Neil Turok
187,Norman Foster
188,Christopher deCharms
189,Clifford Stoll
190,Rokia Traore
191,Siegfried Woldhek
192,David Hoffman
193,Jakob Trollback
194,Stephen Hawking
195,Johnny Lee
196,Tod Machover + Dan Ellsey
197,Yochai Benkler
198,Ernest Madu
199,Amy Tan
200,Brian Greene
201,Brian Cox
202,They Might Be Giants
203,Hector Ruiz
204,Paul Stamets
205,Paul Ewald
206,Michael Moschen
207,Joshua Klein
208,Alisa Miller
209,Mark Bittman
210,Robert Ballard
211,Yves Behar
212,Arthur Ganson
213,Seyi Oyesola
214,Paul Collier
215,Susan Blackmore
216,Nathan Myhrvold
217,Chris Jordan
218,Adam Grosser
219,Benjamin Zander
220,Nellie McKay
221,Sxip Shirey + Rachelle Garniez
222,Peter Diamandis
223,Rick Smolan
224,Corneille Ewango
225,Torsten Reil
226,Clay Shirky
227,Freeman Dyson
228,Billy Graham
229,AJ Jacobs
230,Keith Barry
231,Martin Seligman
232,Marisa Fick-Jordan
233,Louise Leakey
234,Reed Kroloff
235,Kwabena Boahen
236,Robert Lang
237,Bruno Bowden + Rufus Cappadocia
238,Patricia Burchat
239,Spencer Wells
240,David Griffin
241,Lennart Green
242,Ian Dunbar
243,John Q. Walker
244,Sugata Mitra
245,Ory Okolloh
246,Einstein the Parrot
247,Peter Hirshberg
248,Jonathan Drori
249,Irwin Redlener
250,Brewster Kahle
251,Carmen Agra Deedy
252,Keith Bellows
253,Ann Cooper
254,Jonathan Haidt
255,David S. Rose
256,Marvin Minsky
257,Philip Zimbardo
258,Laura Trice
259,Caleb Chung
260,Rodney Brooks
261,Noah Feldman
262,Liz Diller
263,David Perry
264,Doris Kearns Goodwin
265,James Burchfield
266,Garrett Lisi
267,Virginia Postrel
268,John Hodgman
269,Mihaly Csikszentmihalyi
270,Kristen Ashburn
271,Jared Diamond
272,Zach Kaplan + Keith Schacht
273,Newton Aduaka
274,Jackie Tabick
275,Dayananda Saraswati
276,James Forbes
277,Feisal Abdul Rauf
278,Graham Hawkes
279,James Surowiecki
280,John Francis
281,Tim Brown
282,Luca Turin
283,Lee Smolin
284,Samantha Power
285,Charles Elachi
286,Ursus Wehrli
287,Isaac Mizrahi
288,Franco Sacchi
289,George Smoot
290,Bill Joy
291,Dan Barber
292,Andy Hobsbawm
293,Gregory Petsko
294,Richard Preston
295,Philip Rosedale
296,Larry Burns
297,Nick Sears
298,David Holt
299,Eva Zeisel
300,Dennis vanEngelsdorp
301,Jay Walker
302,Benjamin Wallace
303,Penelope Boston
304,Steven Strogatz
305,Jennifer 8. Lee
306,Kary Mullis
307,Paul Sereno
308,Paul Moller
309,Greg Lynn
310,Rob Forbes
311,Scott McCloud
312,Peter Reinhart
313,Joseph Pine
314,Paula Scher
315,David Carson
316,Jamais Cascio
317,Barry Schuler
318,Woody Norris
319,Peter Ward
320,Aimee Mullins
321,Joe DeRisi
322,Bill Gross
323,Bill Gates
324,Elizabeth Gilbert
325,Milton Glaser
326,David Merrill
327,JosÃ© Antonio Abreu
328,Gustavo Dudamel and the Teresa CarreÃ±o Youth Orchestra
329,Sylvia Earle
330,Jill Tarter
331,Ed Ulbrich
332,Charles Moore
333,Richard Pyle
334,Miru Kim
335,Evan Williams
336,Brenda Laurel
337,Willie Smits
338,Nalini Nadkarni
339,Mike Rowe
340,Eric Lewis
341,Don Norman
342,Pattie Maes + Pranav Mistry
343,Stuart Brown
344,Tim Berners-Lee
345,Dan Ariely
346,Adam Savage
347,Bruce McCall
348,Kamal Meattle
349,John Wooden
350,Nathan Wolfe
351,C.K. Williams
352,Jacek Utko
353,Ueli Gegenschatz
354,Christopher C. Deam
355,P.W. Singer
356,Nathaniel Kahn
357,Bruce Bueno de Mesquita
358,Bonnie Bassler
359,Emily Levine
360,Renny Gleeson
361,Shai Agassi
362,Gregory Stock
363,JoAnn Kuchera-Morin
364,Tim Ferriss
365,Matthew Childs
366,Margaret Wertheim
367,Niels Diffrient
368,Erik Hersman
369,Nate Silver
370,Ben Katchor
371,Alex Tabarrok
372,Michael Merzenich
373,Sarah Jones
374,Laurie Garrett
375,Sean Gourley
376,Mae Jemison
377,Tom Shannon
378,Louise Fresco
379,Nandan Nilekani
380,Naturally 7
381,Ray Anderson
382,Mary Roach
383,Joachim de Posada
384,Michelle Obama
385,Kaki King
386,Liz Coleman
387,Yann Arthus-Bertrand
388,Felix Dennis
389,Pete Alcorn
390,John La Grou
391,Kevin Surace
392,Nancy Etcoff
393,Jane Poynter
394,Diane Benscoter
395,Catherine Mohr
396,Qi Zhang
397,Katherine Fulton
398,Ray Zahab
399,Daniel Libeskind
400,Eames Demetrios
401,Tom Wujec
402,Sophal Ear
403,Olafur Eliasson
404,Daniel Kraft
405,Jim Fallon
406,Nina Jablonski
407,Gordon Brown
408,Alain de Botton
409,Elaine Morgan
410,Willard Wigan
411,Michael Pritchard
412,Paul Romer
413,Emmanuel Jal
414,Dan Pink
415,Eric Giler
416,Natasha Tsakos
417,Cary Fowler
418,Joshua Silver
419,Geoff Mulgan
420,Evan Grant
421,Steve Truglia
422,James Balog
423,Lewis Pugh
424,Rebecca Saxe
425,Vishal Vaid
426,Misha Glenny
427,Bjarke Ingels
428,John Lloyd
429,Oliver Sacks
430,Imogen Heap
431,Jonathan Zittrain
432,Evgeny Morozov
433,Taryn Simon
434,Parag Khanna
435,Garik Israelian
436,Carolyn Steel
437,David Logan
438,Chimamanda Ngozi Adichie
439,Beau Lotto
440,Sam Martin
441,Eric Sanderson
442,David Hanson
443,Rory Sutherland
444,Henry Markram
445,Julian Treasure
446,John Gerzema
447,Paul Debevec
448,Itay Talgam
449,Marc Koska
450,Ian Goldin
451,Rachel Armstrong
452,Becky  Blanton
453,Marcus du Sautoy
454,Matthew White
455,Stefana Broadbent
456,Rachel Pike
457,Cynthia Schneider
458,Pranav Mistry
459,Mathieu Lehanneur
460,Fields Wicker-Miurin
461,Devdutt Pattanaik
462,Rob Hopkins
463,Magnus Larsson
464,Mallika Sarabhai
465,Shashi Tharoor
466,Andrea Ghez
467,Anupam Mishra
468,Scott Kim
469,Sunitha Krishnan
470,Rory  Bremner
471,Marc Pachter
472,Thulasiraj Ravilla
473,Shereen El Feki
474,Loretta Napoleoni
475,Ryan Lobo
476,Alexis Ohanian
477,Charles Anderson
478,James Geary
479,Shaffi Mather
480,Steven  Cowley
481,Asher Hasan
482,Michael Sandel
483,Cat Laine
484,Bertrand Piccard
485,Vilayanur Ramachandran
486,Nick Veasey
487,Dan Buettner
488,Romulus Whitaker
489,Herbie Hancock
490,Randy Pausch
491,Robert Sapolsky
492,Matt Weinstein
493,Kartick Satyanarayan
494,Kiran Sethi
495,Lalitesh Katragadda
496,Edwidge Danticat
497,Charles Fleischer
498,David Blaine
499,Ravin Agrawal
500,Anthony Atala
501,Sivamani
502,Taylor Mali
503,Bill Davenhall
504,Jane Chen
505,Derek Sivers
506,JK Rowling
507,Sendhil Mullainathan
508,Jamie Heywood
509,George Whitesides
510,David Agus
511,"Tom Shannon, John Hockenberry"
512,Peter Eigen
513,Jamie Oliver
514,David Cameron
515,Philip K. Howard
516,Eric Topol
517,Temple Grandin
518,Pawan Sinha
519,Raghava KK
520,Bobby McFerrin
521,Daniel Kahneman
522,Harsha Bhogle
523,Gary Flake
524,Richard Feynman
525,James Cameron
526,The LXD
527,Srikumar Rao
528,Gary Lauder's new traffic sign
529,Eric Mead
530,Gary Vaynerchuk
531,Mark Roth
532,Eric Dishman
533,Douglas Adams
534,Jane McGonigal
535,Ken Kamler
536,Shekhar Kapur
537,Sam Harris
538,Juliana Machado Ferreira
539,Alan Siegel
540,Joel Levine
541,Robert Gupta
542,Patsy Rodenburg
543,Kevin Bales
544,Shukla Bose
545,Kirk Citron
546,Adora Svitak
547,Jesse Schell
548,Elizabeth Pisani
549,Dennis Hong
550,Natalie Merchant
551,Michael Specter
552,Jonathan Klein
553,Thelma Golden
554,Eric Whitacre
555,Edith Widder
556,James Randi
557,Frederick Balagadde
558,Omar Ahmad
559,Kavita Ramdas
560,Stephen Wolfram
561,Roz Savage
562,Sebastian Wernicke
563,Esther Duflo
564,Simon Sinek
565,Jeremy Jackson
566,Anil Gupta
567,Thomas Dolby
568,Nicholas Christakis
569,Enric Sala
570,Dan Meyer
571,Viktor Frankl
572,William Li
573,Graham Hill
574,Dee Boersma
575,Richard Sears
576,Johanna Blakley
577,Sharmeen Obaid-Chinoy
578,Seth Berkley
579,Sophie Hunger
580,John Underkoffler
581,Brian Skerry
582,"Christopher ""moot"" Poole"""
583,Adam Sadowsky
584,John Kasaona
585,Stewart Brand + Mark Z. Jacobson
586,David Byrne
587,Margaret Gould Stewart
588,Peter Tyack
589,Cameron Herold
590,Ananda Shankar Jayant
591,Chip Conley
592,Marian Bantjes
593,Aditi Shankardass
594,Hillel Cooperman
595,Ellen Dunham-Jones
596,Stephen Palumbi
597,Carter Emmart
598,Mitchell Joachim
599,Benoit Mandelbrot
600,Ellen  Gustafson
601,Carl Safina
602,Matt Ridley
603,Ethan Zuckerman
604,Elif Shafak
605,Julian Assange
606,Naif Al-Mutawa
607,Dimitar Sasselov
608,Tan Le
609,Kevin Stone
610,Sheena Iyengar
611,Susan Shaw
612,John Delaney
613,Laurie Santos
614,Jason Clay
615,Sheryl WuDunn
616,Diane J. Savino
617,Peter Molyneux
618,Jamil Abu-Wardeh
619,Maz Jobrani
620,Seth Priebatsch
621,David McCandless
622,Lee Hotz
623,Jeremy Rifkin
624,Jim Toomey
625,Lisa Margonelli
626,Dan Cobley
627,Nic Marks
628,Johan Rockstrom
629,His Holiness the Karmapa
630,Rachel Sussman
631,Alwar Balasubramaniam
632,Carne Ross
633,Ben Cameron
634,Rob Dunbar
635,Jessa Gamble
636,Caroline Phillips
637,Christien Meindertsma
638,Mitchell Besser
639,Annie Lennox
640,Fabian Hemmert
641,Tim Birkhead
642,Gary Wolf
643,Sebastian Seung
644,Inge Missmahl
645,Mechai Viravaidya
646,Eben Bayer
647,Tim Jackson
648,Barbara Block
649,Stacey Kramer
650,Stefano Mancuso
651,Melinda Gates
652,Peter Haas
653,Natalie Jeremijenko
654,Joel Burns
655,Jessica Jackley
656,Heribert Watzke
657,Dianna Cohen
658,Patrick Chappatte
659,"David Byrne, Ethel + Thomas Dolby"
660,R.A. Mashelkar
661,Joseph Nye
662,Barton Seaver
663,Shimon Steinberg
664,Miwa Matreyek
665,Tom Chatfield
666,David Bismark
667,Greg Stone
668,Gero Miesenboeck
669,Andrew Bird
670,Emily Pilloton
671,Stefan Wolff
672,Aaron Huey
673,Auret van Heerden
674,Eric Berlow
675,Conrad Wolfram
676,Denis Dutton
677,Shimon Schocken
678,John Hardy
679,Kristina Gjerde
680,Kim Gorgens
681,Zainab Salbi
682,Jason Fried
683,Dan Phillips
684,Birke Baehr
685,William Ury
686,Marcel Dicke
687,Bart Weetjens
688,Arthur Potts Dawson
689,Halla TÃ³masdÃ³ttir
690,Tony Porter
691,Kiran Bedi
692,Hanna Rosin
693,Diana Laufenberg
694,Rufus Griscom + Alisa Volkman
695,Rachel Botsman
696,Beverly + Dereck Joubert
697,Sheryl Sandberg
698,BrenÃ© Brown
699,Arianna Huffington
700,Lesley Hazleton
701,Charles Limb
702,Deborah Rhodes
703,Neil Pasricha
704,Jody Williams
705,Amber Case
706,Thomas Thwaites
707,Elizabeth Lesser
708,Ali Carr-Chellman
709,Naomi Klein
710,Charity Tillemann-Dick
711,Van Jones
712,Anders Ynnerman
713,Heather Knight
714,Martin Jacques
715,Thomas Goetz
716,Liza Donnelly
717,Ariel Garten
718,Bruce Feiler
719,Kate Orff
720,Dale Dougherty
721,Christopher McDougall
722,Suheir Hammad
723,Nigel Marsh
724,Cynthia Breazeal
725,Hawa Abdi + Deqo Mohamed
726,Michael Pawlyn
727,Geert Chatrou
728,Krista Tippett
729,Patricia Kuhl
730,Lisa Gansky
731,Madeleine Albright
732,Noreena Hertz
733,Iain Hutchison
734,Elizabeth Lindsey
735,Danny Hillis
736,Ahn Trio
737,Wadah Khanfar
738,JR
739,Wael Ghonim
740,Courtney E. Martin
741,Sal Khan
742,Deb Roy
743,Rob Harmon
744,David Brooks
745,Janna Levin
746,Mark Bezos
747,Rogier van der Heide
748,Sarah Kay
749,Isabel Behncke
750,Paul Root Wolpe
751,Eythor Bender
752,Claron McFadden
753,Patricia Ryan 
754,Ralph Langner
755,Handspring Puppet Co.
756,Sebastian Thrun
757,AnnMarie Thomas
758,Stanley McChrystal
759,Chade-Meng Tan
760,Morgan Spurlock
761,Mick Ebeling
762,Caroline Casey
763,Jackson Browne
764,David Christian
765,Dave Meslin
766,Roger Ebert
767,Marcin Jakubowski
768,Susan Lim
769,Sam Richards
770,Kathryn Schulz
771,John Hunter
772,Anil Ananthaswamy
773,Ric Elias
774,Harvey Fineberg
775,Bruce Schneier
776,Angela Belcher
777,Mike Matas
778,Arvind Gupta
779,Eli Pariser
780,Aicha el-Wafi + Phyllis Rodriguez
781,Carlo Ratti
782,Suzanne Lee
783,Sean Carroll
784,Louie Schwartzberg
785,Paul Nicklen
786,Fiorenzo Omenetto
787,Ron Gutman
788,Amit Sood
789,Leonard Susskind
790,Ed Boyden
791,Thomas Heatherwick
792,Elliot Krane
793,Terry Moore
794,Improv Everywhere
795,Aaron Koblin
796,Bruce Aylward
797,Shirin Neshat
798,Mustafa Akyol
799,Robert Gupta + Joshua Roman
800,Malcolm McLaren
801,Aaron O'Connell
802,Jessi Arrington
803,Damon Horowitz
804,Jack Horner
805,Janet Echelman
806,Alice Dreger
807,JD Schramm
808,Shea Hembrey
809,Steve Keil
810,Camille Seaman
811,Onyx Ashanti
812,Maya Beiser
813,Bill Ford
814,Daniel Tammet
815,Jok Church
816,Honor Harger
817,Joshua Walters
818,Emiliano Salinas
819,Rajesh Rao
820,Dave deBronkart
821,Robert Hammond
822,Matt Cutts
823,Simon Lewis
824,Nina Tandon
825,Rebecca MacKinnon
826,Maajid Nawaz
827,Tim Harford
828,Nadia Al-Sakkaf
829,Mikko Hypponen
830,Thandie Newton
831,Kevin Slavin
832,Markus Fischer
833,Rory Stewart
834,Geoffrey West
835,Paul Bloom
836,Josette Sheeran
837,Adam Ostrow
838,Harald Haas
839,Mark Pagel
840,Jessica Green
841,Dyan deNapoli
842,Jeremy Gilley
843,Lucianne Walkowicz
844,Marco Tempest
845,Svante PÃ¤Ã¤bo
846,Julia Bacha
847,Skylar Tibbits
848,Joan Halifax
849,Edward Tenner
850,Sarah Kaminsky
851,Lee Cronin
852,Yasheng Huang
853,Kate Hartman
854,Richard Resnick
855,Lauren Zalaznick
856,Sasha Dichter
857,Niall Ferguson
858,Jean-Baptiste Michel + Erez Lieberman Aiden
859,Amy Lockwood
860,Elizabeth Murchison
861,Sunni Brown
862,Abraham Verghese
863,Jarreth Merz
864,Ben Goldacre
865,Danielle de Niese
866,Yang Lan
867,Christoph Adami
868,Steve Jobs
869,Mike Biddle
870,Charles Hazlewood
871,Alison Gopnik
872,Richard Seymour
873,Ian Ritchie
874,Pamela Meyer
875,Jae Rhim Lee
876,Bunker Roy
877,Justin Hall-Tipping
878,Guy-Philippe Goldstein
879,Todd Kuiken
880,Nathalie Miebach
881,Richard Wilkinson
882,Iain McGilchrist
883,Jay Bradner
884,BÃ©atrice Coron
885,Hasan Elahi
886,Paul Zak
887,Anna Mracek Dietrich
888,Daniel Wolpert
889,Paul Lewis
890,Sandra Fisher-Martins
891,Martin Hanczyc
892,Aparna Rao
893,Ben Kacyra
894,Allan Jones
895,Charlie Todd
896,Roger McNamee
897,Michael Nielsen
898,Alexander Tsiaras
899,Yves Rossy
900,Thomas Suarez
901,Cynthia Kenyon
902,Robin Ince
903,Gabe Zichermann
904,Natalie Warne
905,Phil Plait
906,PÃ©ter Fankhauser
907,Joe Sabia
908,Britta Riley
909,Amy Purdy
910,Annie Murphy Paul
911,John Bohannon
912,Leslie Dodson
913,Srdja Popovic
914,Luis von Ahn
915,Cheryl Hayashi
916,Yoav Medan
917,Stefon Harris
918,Klaus Stadlmann
919,David Damberger
920,Monika Bulaj
921,Quyen Nguyen
922,Pavan Sukhdev
923,Homaro Cantu + Ben Roche
924,Ramona Pierson
925,Roger Doiron
926,Thomas Pogge
927,Antonio Damasio
928,Sheila Nirenberg
929,Daniel Goldstein
930,Karen Tse
931,Alberto Cairo
932,Jane Fonda
933,Paddy Ashdown
934,Nate Garvis
935,Michelle Borkin
936,Tyler Cowen
937,"Lauren Hodge, Shree Bose + Naomi Shah"
938,Jonas Gahr StÃ¸re
939,Drew Berry
940,Morley
941,Kirk Sorensen
942,Charles Hazlewood + British Paraorchestra
943,Sonaar Luthra
944,Scott Rickard
945,Bilal Bomani
946,Julian Baggini
947,Lisa Harouni
948,Diana Nyad
949,Brian Goldman
950,Gayle Tzemach Lemmon
951,Mick Mountz
952,Peter van Uhm
953,Bill Doyle
954,Shawn Achor
955,Erica Frenkel
956,Mike deGruy
957,Aleph Molinari
958,Nancy Duarte
959,Neil Burgess
960,Stephen Coleman
961,Sheikha Al Mayassa
962,Erik Johansson
963,Drew Dudley
964,Keith Nolan
965,Tyrone Hayes + Penelope Jagessar Chaffer
966,Jenna McCarthy
967,Inara George
968,Lucien Engelen
969,Simon Berrow
970,Paul Conneally
971,Garth Lenz
972,Neil MacGregor
973,Chris Bliss
974,Shilo Shiv Suleman
975,Shlomo Benartzi
976,Avi Rubin
977,Jeffrey Kluger
978,Kevin Allocca
979,Paul Snelgrove
980,Daniel Pauly
981,Paul Gilding
982,Vijay Kumar
983,Susan Cain
984,Bryan Stevenson
985,Andrew Stanton
986,James Hansen
987,Jennifer Pahlka
988,Kelli Anderson
989,Larry Smith
990,Greg Gage
991,Chris Anderson (TED)
992,Rob Reid
993,Scott Summit
994,Mark Raymond
995,T. Boone Pickens
996,Noel Bairey Merz
997,Taylor Wilson
998,Billy Collins
999,Jer Thorp
1000,Peter Saul
1001,Donald Sadoway
1002,Regina Dugan
1003,Leymah Gbowee
1004,Ayah Bdeir
1005,Daniel Schnitzer
1006,Rick Falkvinge
1007,Tierney Thys +  Plankton Chronicles Project
1008,Sherry Turkle
1009,Chip Kidd
1010,Jack Choi
1011,Lucy McRae
1012,Carvens Lissaint
1013,Jonathan Foley
1014,Frank Warren
1015,Frans de Waal
1016,Tal Golesworthy
1017,Abigail Washburn
1018,Atul Gawande
1019,Drew Curtis
1020,Laura Carstensen
1021,Christina Warinner
1022,Michael Norton
1023,Jon Bergmann
1024,Eduardo Paes
1025,Nancy Lublin
1026,Joe Smith
1027,Brenda Romero
1028,Reuben Margolin
1029,Gary Kovacs
1030,Tavi Gevinson
1031,Rick Guidotti
1032,Michael Tilson Thomas
1033,JP Rangaswami
1034,Karen Bass
1035,Joshua Foer
1036,JosÃ© Bowen
1037,Bart Knols
1038,Tali Sharot
1039,Jean-Baptiste Michel
1040,Carl Schoonover
1041,Michael McDaniel
1042,Melissa Garren
1043,Philippe Petit
1044,Shereen El-Feki
1045,Reggie Watts
1046,David MacKay
1047,Ken Goldberg
1048,William Noel
1049,Dalia Mogahed
1050,Sebastian Deterding
1051,Quixotic Fusion
1052,Seth Shostak
1053,David Birch
1054,Diane Kelly
1055,Damian Palin
1056,Ami Klin
1057,John Hockenberry
1058,Rebecca Onie
1059,Beeban Kidron
1060,Sarah Parcak
1061,LZ Granderson
1062,Rodney Mullen
1063,Megan Kamerick
1064,David R. Dow
1065,Ivan Oransky
1066,Peter Norvig
1067,Wolfgang Kessling
1068,Jon Nguyen
1069,Nirmalya Kumar
1070,Massimo Banzi
1071,Don Tapscott
1072,Elyn Saks
1073,Boaz Almog
1074,Alanna Shaikh
1075,Cesar Harada
1076,Usman Riaz + Preston Reed
1077,Jonathan Eisen
1078,Chris Gerdes
1079,Marc Goodman
1080,Jared Ficklin
1081,Todd Humphreys
1082,Gabriel Barcia-Colombo
1083,Mina Bissell
1084,Jamie Drummond
1085,Baba Shiv
1086,Matt Mills
1087,Neil Harbisson
1088,John Graham-Cumming
1089,Vinay Venkatraman
1090,James Stavridis
1091,Malte Spitz
1092,Tracy Chevalier
1093,Ramesh Raskar
1094,Michael Hansmeyer
1095,Noah Wilson-Rich
1096,Giles Duley
1097,Michael Anti
1098,Stephen Ritz
1099,Daphne Koller
1100,Becci Manson
1101,Mark Applebaum
1102,Hannah Fry
1103,Scilla Elworthy
1104,Margaret Heffernan
1105,Max Little
1106,Pam Warhurst
1107,Kirby Ferguson
1108,Lisa Kristine
1109,Mark Forsyth
1110,Ivan Krastev
1111,Caitria + Morgan O'Neill
1112,Jon Ronson
1113,Timothy Prestero
1114,Rob Legato
1115,Shyam Sankar
1116,Antony Gormley
1117,Jonathan Trent
1118,Kent Larson
1119,Scott Fraser
1120,Vikram Patel
1121,Leslie T. Chang
1122,Susan Solomon
1123,Wayne McGregor
1124,Beth Noveck
1125,Tristram Stuart
1126,Sarah-Jayne Blakemore
1127,Andrew Blum
1128,Bandi Mbubi
1129,Ed Gavagan
1130,Andrew McAfee
1131,Read Montague
1132,Bahia Shehab
1133,Aris Venetikidis
1134,Vicki Arroyo
1135,Amy Cuddy
1136,Jason McCue
1137,Thomas P. Campbell
1138,Tim Leberecht
1139,Ruby Wax
1140,Melissa Marshall
1141,Maurizio Seracini
1142,Eddie Obeng
1143,John Wilbanks
1144,Beau Lotto + Amy O'Toole
1145,Heather Brooke
1146,Ryan Merkley
1147,Pankaj Ghemawat
1148,David Pizarro
1149,Lemn Sissay
1150,Doris Kim Sung
1151,Sanjay Pradhan
1152,Emma Teeling
1153,Adam Garone
1154,Faith Jegede Cole
1155,Matt Killingsworth
1156,Jake Wood
1157,Gary Greenberg
1158,Georgette Mulheir
1159,Jeff Hancock
1160,Julie Burstein
1161,Arunachalam Muruganantham
1162,Hannah Brencher
1163,Leah Buechley
1164,David Binder
1165,Daphne Bavelier
1166,Amos Winter
1167,Sleepy Man Banjo Boys
1168,Candy Chang
1169,Ernesto Sirolli
1170,Jonas Eliasson
1171,Janine Shepherd
1172,Munir Virani
1173,Paolo Cardini
1174,Bobby Ghosh
1175,Ludwick Marishane
1176,Jeff Smith
1177,Lemon Andersen
1178,Ellen 't Hoen
1179,Markham Nolan
1180,Marcus Byrne
1181,Molly Crockett
1182,Steven Addis
1183,Adam Davidson
1184,Ronny Edry
1185,Karen Thompson Walker
1186,Hadyn Parry
1187,Don Levy
1188,Sue Austin
1189,Jarrett J. Krosoczka
1190,Boghuma Kabisen Titanji
1191,Andy Puddicombe
1192,Angela Patton
1193,Ellen Jorgensen
1194,Cameron Russell
1195,Richard Weller
1196,Colin Stokes
1197,Janine di Giovanni
1198,Colin Powell
1199,Steven Schwaitzberg
1200,Leslie Morgan Steiner
1201,Wingham Rowan
1202,Mitch Resnick
1203,iO Tillett Wright
1204,Fahad Al-Attiya
1205,Kid President
1206,Zahra' Langhi
1207,Tyler DeWitt
1208,Cesar Kuriyama
1209,Edi Rama
1210,Shabana Basij-Rasikh
1211,Erik Schlangen
1212,James B. Glattfelder
1213,Esther Perel
1214,Young-ha Kim
1215,Miguel Nicolelis
1216,Keith Chen
1217,Afra Raymond
1218,Andreas Schleicher
1219,Michael Dickinson
1220,Bruno Maisonnier
1221,Jennifer Granholm
1222,Amanda Palmer
1223,Allan Savory
1224,Ron Finley
1225,Kakenya Ntaiya
1226,Shane Koyczan
1227,Dan Pallotta
1228,David Anderson
1229,Catarina Mota
1230,Elon Musk
1231,Hyeonseo Lee
1232,Francis Collins
1233,Mark Shaw
1234,Richard Turere
1235,Colin Camerer
1236,Katherine Kuchenbecker
1237,Kees Moeliker
1238,Sanjay Dastoor
1239,Ken Jennings
1240,Freeman Hrabowski
1241,Keller Rinaudo
1242,Laura Snyder
1243,Rose George
1244,Thomas Insel
1245,Joshua Prager
1246,Andres Lozano
1247,BLACK
1248,John McWhorter
1249,Robert Gordon
1250,Erik Brynjolfsson
1251,Michael Stevens
1252,Jennifer Healey
1253,Nilofer Merchant
1254,SebastiÃ£o Salgado
1255,Rita Pierson
1256,Timothy Bartik
1257,ShaoLan
1258,Ramsey Musallam
1259,Pearl Arredondo
1260,Malcolm London
1261,Geoffrey Canada
1262,Angela Lee Duckworth
1263,Meg Jay
1264,Maria Bezaitis
1265,Liu Bolin
1266,Jay Silver
1267,Sergey Brin
1268,Peter Singer
1269,Phil Hansen
1270,Judy MacDonald Johnston
1271,Alastair Parvin
1272,Ji-Hae Park
1273,Jackson Katz
1274,Hendrik Poinar
1275,Lisa Bu
1276,Andrew Solomon
1277,Alex Laskey
1278,Anas Aremeyaw Anas
1279,Denise Herzing
1280,Martin Villeneuve
1281,Raffaello D'Andrea
1282,George Papandreou
1283,Daniel Suarez
1284,Manal al-Sharif
1285,Didier Sornette
1286,Juliana Rotich
1287,Joseph Kim
1288,Paul Pholeros
1289,Peter Attia
1290,Bob Mankoff
1291,Michael Archer
1292,Eric X. Li
1293,Joel Selanikio
1294,Jinha Lee
1295,Charmian Gooch
1296,Michael Green
1297,"Diana Reiss, Peter Gabriel, Neil Gershenfeld and Vint Cerf"
1298,Jack Andraka
1299,Al Vernacchio
1300,Bernie Krause
1301,Gavin Pretor-Pinney
1302,Pico Iyer
1303,Miranda Wang and Jeanny Yao
1304,Tom Thum
1305,John Searle
1306,Kate Stone
1307,Roberto D'Angelo + Francesca Fedeli
1308,Paul Kemp-Robertson
1309,Tania Luna
1310,Bastian Schaefer
1311,Eli Beer
1312,Julie Taymor
1313,Peter van Manen
1314,Beardyman
1315,Daniel H. Cohen
1316,Jinsop Lee
1317,Saki Mafundikwa
1318,Eleanor Longden
1319,Derek Paravicini and Adam Ockelford
1320,Shigeru Ban
1321,Russell Foster
1322,Steve Ramirez and Xu Liu
1323,May El-Khalil
1324,Adam Spencer
1325,Kelly McGonigal
1326,Chrystia Freeland
1327,Alexa Meade
1328,George Monbiot
1329,Jake Barton
1330,Ron McCallum
1331,Sonia Shah
1332,Apollo Robbins
1333,James Lyne
1334,Marla Spivak
1335,Eric Berlow and Sean Gourley
1336,Andras Forgacs
1337,Benjamin Barber
1338,Elizabeth Loftus
1339,Stuart Firestein
1340,Onora O'Neill
1341,James Flynn
1342,Kevin Breel
1343,Kelli Swazey
1344,Amy Webb
1345,Fabian Oefner
1346,Jason Pontin
1347,Michael Porter
1348,Janette Sadik-Khan
1349,Trita Parsi
1350,Gary Slutkin
1351,Andrew Fitzgerald
1352,Jeff Speck
1353,Amanda Bennett
1354,Iwan Baan
1355,Alessandro Acquisti
1356,Hetain Patel
1357,Steve Howard
1358,Charles Robertson
1359,Parul Sehgal
1360,Gian Giudice
1361,Xavier Vilalta
1362,Mariana Mazzucato
1363,Mohamed Hijri
1364,Abha Dawesar
1365,Holly Morris
1366,Dong Woo Jang
1367,Rodrigo Canales
1368,Robin Nagle
1369,GrÃ©goire Courtine
1370,Dambisa Moyo
1371,Chris Downey
1372,Mohamed Ali
1373,Stefan Larsson
1374,Lian Pin Koh
1375,Greg Asner
1376,Henry Evans and Chad Jenkins
1377,Andreas Raptopoulos
1378,Peter Doolittle
1379,Suzana Herculano-Houzel
1380,David Steindl-Rast
1381,Toby Eccles
1382,Geraldine Hamilton
1383,Sally Kohn
1384,David Lang
1385,Enrique PeÃ±alosa
1386,Boyd Varty
1387,DiÃ©bÃ©do Francis KÃ©rÃ©
1388,Eddy Cartaya
1389,Stephen Cave
1390,Toni Griffin
1391,Marco Annunziata
1392,Krista Donaldson
1393,Paul Piff
1394,Mick Cornett
1395,Maysoon Zayid
1396,Suzanne Talhouk
1397,Roger Stein
1398,Sandra Aamodt
1399,Frederic Kaplan
1400,Ryan Holladay
1401,Harish Manwani
1402,Mark Kendall
1403,Luke Syson
1404,Guy Hoffman
1405,Paula Johnson
1406,Yves Morieux
1407,Joe Kowan
1408,Anant Agarwal
1409,Anne Milgram
1410,McKenna Pope
1411,Nicolas Perony
1412,Maya Penn
1413,Esta Soler
1414,Dan Berkenstock
1415,Teddy Cruz
1416,Alex Wissner-Gross
1417,David Puttnam
1418,Leyla Acaroglu
1419,Chris McKnett
1420,Rupal Patel
1421,Yann Dall'Aglio
1422,Molly Stevens
1423,Roselinde Torres
1424,Christopher Ryan
1425,Ash Beckham
1426,Siddharthan Chandran
1427,Catherine Bracy
1428,Michael Metcalfe
1429,Henry Lin
1430,Annette Heuser
1431,Mary Lou Jepsen
1432,Philip Evans
1433,Christopher Soghoian
1434,Gabe Barcia-Colombo
1435,Manu Prakash
1436,Ajit Narayanan
1437,Anne-Marie Slaughter
1438,Toby Shapshak
1439,Carin Bondar
1440,Steven Pinker and Rebecca Newberger Goldstein
1441,Daniel Reisel
1442,Edward Snowden
1443,Chris Hadfield
1444,Richard Ledgett
1445,Larry Page
1446,Ziauddin Yousafzai
1447,Bran Ferren
1448,Ed Yong
1449,Del Harvey
1450,Hugh Herr
1451,Geena Rocero
1452,TED staff
1453,Allan Adams
1454,Bill and Melinda Gates
1455,Jennifer Golbeck
1456,Amanda Burden
1457,Christopher Emdin
1458,David Sengeh
1459,Gabby Giffords and Mark Kelly
1460,Jennifer Senior
1461,Norman Spack
1462,Jeremy Kasdin
1463,Matthew Carter
1464,Sarah Lewis
1465,Michel Laberge
1466,Hamish Jolly
1467,James Patten
1468,Wendy Chung
1469,David Epstein
1470,Andrew Bastawrous
1471,Gavin Schmidt
1472,Mellody Hobson
1473,Randall Munroe
1474,Mark Ronson
1475,William Black
1476,Kevin Briggs
1477,Tristram Wyatt
1478,Jackie Savitz
1479,Chris Kluwe
1480,Wes Moore
1481,Sebastian Junger
1482,Jon Mooallem
1483,Kitra Cahana
1484,Stephen Friend
1485,Sting
1486,Stephen Burt
1487,Yoruba Richen
1488,Stella Young
1489,Keren Elazari
1490,Will Potter
1491,Uri Alon
1492,Kwame Anthony Appiah
1493,Anne Curzan 
1494,Ruth Chang
1495,Jamila Lyiscott
1496,Shaka Senghor
1497,Lorrie Faith Cranor
1498,Naomi Oreskes
1499,Ge Wang
1500,Chris Domas
1501,Sara Lewis
1502,Simon Anholt
1503,George Takei
1504,Joi Ito
1505,Renata Salecl
1506,Karima Bennoune
1507,David Kwong
1508,David Chalmers
1509,Nikolai Begg
1510,Shih Chieh Huang
1511,Heather Barnett
1512,Shai Reshef
1513,Hubertus Knabe
1514,Janet Iwasa
1515,Megan Washington
1516,Talithia Williams
1517,Nick Hanauer
1518,Dan Pacholke
1519,Eric Liu
1520,Clint Smith
1521,Aziza Chaouni
1522,Laurel Braitman
1523,Ziyah GaficÌ
1524,Rose Goslinga
1525,Meera Vijayann
1526,Jill Shargaa
1527,Jim Holt
1528,Shubhendu Sharma
1529,Colin Grant
1530,Zak Ebrahim
1531,Dan Barasch
1532,Hans and Ola Rosling
1533,Uldus Bakhtiozina
1534,Rishi Manchanda
1535,Andrew Connolly
1536,Mac Barnett
1537,Avi Reichental
1538,Antonio Donato Nobre
1539,Lord Nicholas Stern
1540,Kenneth Cukier
1541,Eman Mohammed
1542,Matthew O'Reilly
1543,Francis de los Reyes
1544,Susan Colantuono
1545,Gail Reed
1546,Nancy Kanwisher
1547,Daria van den Bercken
1548,Thomas Piketty
1549,Meaghan Ramsey
1550,Pia Mancini
1551,Dilip Ratha
1552,Glenn Greenwald
1553,Jeff Iliff
1554,Myriam Sidibe
1555,Jorge Soto
1556,Melissa Fleming
1557,Susan Etlinger
1558,Fred Swaniker
1559,Joy Sun
1560,Fabien Cousteau
1561,Marc Abrahams
1562,Kimberley Motley
1563,Sergei Lupashin
1564,Debra Jarvis
1565,Jeremy Heimans
1566,Alessandra Orofino
1567,Ameenah Gurib-Fakim
1568,Kare Anderson
1569,Alejandro Aravena
1570,Haas&Hahn
1571,Ramanan Laxminarayan
1572,Ethan Nadelmann
1573,Leana Wen
1574,Vincent Moon and NanÃ¡ Vasconcelos
1575,David Grady
1576,Will Marshall
1577,Nancy Frates
1578,Joe Landolina
1579,Rosie King
1580,Mark Plotkin
1581,Emily Balcetis
1582,Oren Yakobovich
1583,Rainer Strack
1584,Barbara Natterson-Horowitz
1585,Aakash Odedra
1586,Jose Miguel Sokoloff
1587,Anastasia Taylor-Lind
1588,Thomas Hellum
1589,Catherine Crump
1590,Dave Troy
1591,VernÄ Myers
1592,Jeremy Howard
1593,Carol Dweck
1594,Bruno Torturra
1595,Mundano
1596,Michael Rubinstein
1597,Asha de Vos
1598,Daniele Quercia
1599,Aziz Abu Sarah
1600,Fredy Peccerelli
1601,Tasso Azevedo
1602,Navi Radjou
1603,Robert Swan
1604,Robert Muggah
1605,Cristina Domenech
1606,Sarah Bergbreiter
1607,Joe Madiath
1608,Morgana Bailey
1609,Severine Autesserre
1610,Khadija Gbla
1611,Bassam Tariq
1612,Zeynep Tufekci
1613,Ben Ambridge
1614,Brian Dettmer
1615,Jaap de Roode
1616,Ricardo Semler
1617,Kenneth Shinozuka
1618,Guy Winch
1619,Nadine Burke Harris
1620,Laura Boushnak
1621,Angelo Vermeulen
1622,James A. White Sr.
1623,Rob Knight
1624,Khalida Brohi
1625,Romina Libster
1626,Ben Wellington
1627,Helder GuimarÃ£es
1628,Jon Gosier
1629,Topher White
1630,Harry Baker
1631,Andy Yen
1632,Ilona SzabÃ³ de Carvalho
1633,Sangu Delle
1634,Marc Kushner
1635,Ismael Nazario
1636,Shimpei Takahashi
1637,Linda Hill
1638,Vincent Cochetel
1639,Robyn Stein DeLuca
1640,David Eagleman
1641,Joseph DeSimone
1642,Monica Lewinsky
1643,Fei-Fei Li
1644,Anand Giridharadas
1645,Dave Isay
1646,Theaster Gates
1647,Dame Stephanie Shirley
1648,Alison Killing
1649,Daniel Kish
1650,Kevin Rudd
1651,Boniface Mwangi
1652,Bel Pesce
1653,Eduardo SÃ¡enz de CabezÃ³n
1654,Fred Jansen
1655,Barat Ali Batoor
1656,Kailash Satyarthi
1657,Takaharu Tezuka
1658,Paul Tudor Jones II
1659,Nathalie Cabrol
1660,Gary Haugen
1661,Jedidah Isler
1662,Chris Milk
1663,Nizar Ibrahim
1664,Sophie Scott
1665,Alice Goffman
1666,Pamela Ronald
1667,Abe Davis
1668,Bill T. Jones
1669,Tal Danino
1670,Dawn Landes
1671,Anand Varma
1672,Elora Hardy
1673,Roman Mars
1674,The Lady Lifers
1675,Martine Rothblatt
1676,Cosmin Mihaiu
1677,Steven Wise
1678,Chris Burkard
1679,Jeffrey Brown
1680,Yassmin Abdel-Magied
1681,Sara Seager
1682,Jimmy Nelson
1683,Laura Schulz
1684,Tony Fadell
1685,Trevor Aaronson
1686,Linda Cliatt-Wayman
1687,Suki Kim
1688,Donald Hoffman
1689,Lee Mokobe
1690,Rana el Kaliouby
1691,Steve Silberman
1692,LaToya Ruby Frazier
1693,Joey Alexander
1694,Roxane Gay
1695,Maryn McKenna
1696,Chris Urmson
1697,Dame Ellen MacArthur
1698,Jimmy Carter
1699,Latif Nasser
1700,Rajiv Maheswaran
1701,Memory Banda
1702,Johann Hari
1703,Noy Thrupkaew
1704,Aspen Baker
1705,Alec Soth + Stacey Baker
1706,Salvatore Iaconesi
1707,Marlene Zuk
1708,Alaa Murabit
1709,John Green
1710,eL Seed
1711,Yuval Noah Harari
1712,Benedetta Berti
1713,Rich Benjamin
1714,Matt Kenyon
1715,Patience Mthunzi
1716,Alix Generous
1717,Manuel Lima
1718,Tony Wyss-Coray
1719,Dustin Yellin
1720,Jim Al-Khalili
1721,Robin Murphy
1722,Wendy Freedman
1723,Elizabeth Nyamayaro
1724,Jamie Bartlett
1725,Jim Simons
1726,Alan Eustace
1727,BJ Miller
1728,Billie Jean King
1729,David Rothkopf
1730,Mia Birdsong
1731,Michael Kimmel
1732,Mandy Len Catron
1733,Scott Dinsmore
1734,Sakena Yacoobi
1735,Frances Larson
1736,Mary Robinson
1737,Robin Morgan
1738,Samuel Cohen
1739,Taiye Selasi
1740,Mac Stone
1741,Martin Pistorius
1742,Emilie Wapnick
1743,Alice Bows-Larkin
1744,Siddhartha Mukherjee
1745,Neri Oxman
1746,Sandrine Thuret
1747,Teitur
1748,Alyson McGregor
1749,Anders Fjellberg
1750,Meklit Hadero
1751,Jennifer Doudna
1752,Tea Uglow
1753,Francesco Sauro
1754,Hilary Cottam
1755,Christine Sun Kim
1756,Mathias Jud
1757,Daniel Levitin
1758,PatrÃ­cia Medici
1759,Jenni Chang and Lisa Dazols
1760,Andreas EkstrÃ¶m
1761,Chelsea Shields
1762,Jean-Paul Mari
1763,Josh Luber
1764,Nonny de la PeÃ±a
1765,Anote Tong
1766,Genevieve von Petzinger
1767,Ann Morgan
1768,Regina Hartley
1769,Marina AbramoviÄ‡
1770,Kristen Marhaver
1771,Jessica Shortall
1772,Chieko Asakawa
1773,Guillaume NÃ©ry
1774,Danit Peleg
1775,Raymond Wang
1776,Nicole Paris and Ed Cage
1777,Paul Greenberg
1778,Jane Fonda and Lily Tomlin
1779,AntÃ³nio Guterres
1780,Rodrigo Bijou
1781,Jason deCaires Taylor
1782,Robert Waldinger
1783,Harry Cliff
1784,Aomawa Shields
1785,David Sedlak
1786,James Veitch
1787,Melvin Russell
1788,Ole Scheeren
1789,Jill Heinerth
1790,Jill Farrant
1791,Oscar Schwartz
1792,Achenyo Idachaba
1793,Elizabeth Lev
1794,Yanis Varoufakis
1795,David Gruber
1796,Tania Simoncelli
1797,Auke Ijspeert
1798,Melati and Isabel Wijsen
1799,Linda Liukas
1800,AndrÃ©s Ruzo
1801,Judson Brewer
1802,Pardis Sabeti
1803,Matthew Williams
1804,Sean Follmer
1805,Gregory Heyworth
1806,Mike Velings
1807,Dorothy Roberts
1808,Jocelyne Bloch
1809,Celeste Headlee
1810,Shonda Rhimes
1811,Audrey Choi
1812,Mary Bassett
1813,Ivan Coyote
1814,Thomas Peschak
1815,Magda Sayeg
1816,Russ Altman
1817,Alexander Betts
1818,Travis Kalanick
1819,Reshma Saujani
1820,Caleb Harper
1821,Laura Robinson
1822,Mileha Soneji
1823,Tshering Tobgay
1824,Casey Gerald
1825,Joe Gebbia
1826,Tim Urban
1827,Jessica Ladd
1828,Arthur Brooks
1829,Meron Gribetz
1830,Adam Foss
1831,Carol Fishman Cohen
1832,Siyanda Mohutsiwa
1833,Alex Kipman
1834,AngÃ©lica Dass
1835,Dan Gross
1836,Lisa Nip
1837,Knut Haanaes
1838,Adam Grant
1839,Haley Van Dyck
1840,Danielle Feinberg
1841,Tabetha Boyajian
1842,Robert Palmer
1843,Linus Torvalds
1844,Hugh Evans
1845,Paula Hammond
1846,Astro Teller
1847,Mary Norris
1848,Christiana Figueres
1849,Aditi Gupta
1850,Kenneth Lacovara
1851,Shivani Siroya
1852,R. Luke DuBois
1853,Ameera Harouda
1854,Riccardo Sabatini
1855,Sarah Gray
1856,Alice Rawsthorn
1857,Monica Byrne
1858,Michael Bodekaer
1859,Jennifer Kahn
1860,Uri Hasson
1861,Sanford Biggers
1862,Sangeeta Bhatia
1863,Kang Lee
1864,Laura Indolfi
1865,Juno Mac
1866,Trevor Timm
1867,Lidia Yuknavitch
1868,Mariano Sigman
1869,Zaria Forman
1870,Joseph Ravenell
1871,Adam Driver
1872,Sue Desmond-Hellmann
1873,Samantha Nutt
1874,Norman Lear
1875,Stephen Wilkes
1876,CÃ©dric Villani
1877,Sajay Samuel
1878,Negin Farsad
1879,Andrew Youn
1880,Jamila Raqib
1881,Andrew Pelling
1882,Tristan Harris
1883,Gill Hicks
1884,Keolu Fox
1885,Seema Bansal
1886,Brian Little
1887,Tom Hulme
1888,Wanda Diaz Merced
1889,Julia Galef
1890,Prosanta Chakrabarty
1891,John Legend
1892,Marwa Al-Sabouni
1893,Safwat Saleem
1894,Elise Roy
1895,Leila Hoteit
1896,Eric Haseltine
1897,Emma Marris
1898,Lisa Dyson
1899,Gerard Ryle
1900,Suzanne Simard
1901,Anthony Goldbloom
1902,Martin Reeves
1903,Molly Winter
1904,Dave Brain
1905,Monica Araya
1906,James Green
1907,Gonzalo VilariÃ±o
1908,Olivier Scalabre
1909,Timothy Ihrig
1910,Vanessa Ruiz
1911,Christopher Bell
1912,Kio Stark
1913,Jonathan Tepperman
1914,David Camarillo
1915,Franz Freudenthal
1916,Neha Narula
1917,Julie Lythcott-Haims
1918,Michael Shellenberger
1919,Michael Murphy
1920,Abigail Marsh
1921,David Burkus
1922,Nadia Lopez
1923,Sebastian Kraves
1924,J.D. Vance
1925,Camille A. Brown
1926,Oded Shoseyov
1927,Sayu Bhojwani
1928,Adam de la Zerda
1929,Isaac Lidsky
1930,Rainn Wilson
1931,Ione Wells
1932,Melissa Walker
1933,Jim Hemerling
1934,Trevor Copp and Jeff Fox
1935,Todd Coleman
1936,Manwar Ali
1937,Philippa Neave
1938,Wanis Kabbaj
1939,Ian Bremmer
1940,Alyssa Monks
1941,Tasos Frantzolas
1942,Silk Road Ensemble + Rhiannon Giddens
1943,Kelli Jean Drinkwater
1944,Kandice Sumner
1945,Mallory Soldner
1946,"Amanda Palmer, Jherek Bischoff, Usman Riaz"
1947,Suzanne Barakat
1948,Fawn Qiu
1949,Hector Garcia
1950,KimberlÃ© Crenshaw
1951,Bettina Warburg
1952,Victor Rios
1953,Roger Antonsen
1954,Sandi Toksvig
1955,Adam Galinsky
1956,Joe Lassiter
1957,"Alicia Garza, Patrisse Cullors and Opal Tometi"
1958,Danny Dorling
1959,Ryan Gravel
1960,Kate Adams
1961,Tiq Milan and Kim Katrin Milan
1962,Natalie Panek
1963,Jia Jiang
1964,Veerle Provoost
1965,Kevin B. Jones
1966,Rebecca Brachman
1967,Dena Simmons
1968,Laura Vanderkam
1969,David Autor
1970,Chinaka Hodge
1971,Anjali Tripathi
1972,Sharon Brous
1973,James Beacham
1974,Erika Gregory
1975,Sam Kass
1976,Sofia Jawed-Wessel
1977,George Tulevski
1978,Dan Bricklin
1979,Alejandro SÃ¡nchez Alvarado
1980,Sisonke Msimang
1981,Jennifer Brea
1982,Ashley Judd
1983,Emily Parsons-Lord
1984,Robb Willer
1985,Paul Knoepfler
1986,Jeanne Gang
1987,Caleb Barlow
1988,Deeyah Khan
1989,Deepika Kurup
1990,Alan Smith
1991,Eduardo BriceÃ±o
1992,Sue Klebold
1993,Nagin Cox
1994,Maurice Conti
1995,Thordis Elva and Tom Stranger
1996,Joshua Smith
1997,Aala El-Khani
1998,Miriam Zoila PÃ©rez
1999, Rodrigo y Gabriela
2000,Amy Adele Hasinoff
2001,Lara Setrakian
2002,Salil Dudani
2003,Grady Booch
2004,Brittney Cooper
2005,Jonathan Rossiter
2006,Charity Wayua
2007,Stacy Smith
2008,Ani Liu
2009,Jeff Kirschner
2010,Lux Narayan
2011,Kathy Hull
2012,Sara Ramirez
2013,Carrie Poppy
2014,Megan Phelps-Roper
2015,Caroline Paul
2016,Jude Kelly
2017,Joy Buolamwini
2018,John Koenig
2019,Caitlin Doughty
2020,Carrie Nugent
2021,Peggy Orenstein
2022,Karina Galperin
2023, Silk Road Ensemble
2024,Dan Bell
2025,Peter Weinstock
2026,Michele L. Sullivan
2027,Margaret Bourdeaux
2028,Mona Chalabi
2029,Ashton Cofer
2030,Katie Hinde
2031,Michael Botticelli
2032,Moshe Szyf
2033,SÅ Percussion
2034,Emtithal Mahmoud
2035,Casey Brown
2036,"Gretchen Carlson, David Brooks"
2037,Katie Bouman
2038,SebastiÃ¡n Bortnik
2039,David R. Williams
2040,Giorgia Lupi
2041,Ari Wallach
2042,Jonathan Marks
2043,Todd Scott
2044,Zubaida Bai
2045,Siamak Hariri
2046,Natasha Hurley-Walker
2047,Amy Green
2048,David Casarett
2049,"Curtis ""Wall Street"" Carroll"
2050,Stephanie Busari
2051,Siddhartha Roy
2052,His Holiness Pope Francis
2053,Serena Williams and Gayle King
2054,Lisa Genova
2055,Deborah Lipstadt
2056,Laura Galante
2057,Karim Abouelnaga
2058,Carolyn Jones
2059,Jorge Drexler
2060,Kate Stafford
2061,Shah Rukh Khan
2062,Stuart Russell
2063,Lucy Kalanithi
2064,Ted Halstead
2065,Wendy Troxel
2066,T. Morgan Dixon and Vanessa Garrison
2067,Rutger Bregman
2068,Sitawa Wafula
2069,Anthony D. Romero
2070,Nina Fedoroff
2071, OK Go
2072,Triona McGrath
2073,Garry Kasparov
2074,Marlon Peterson
2075,Raj Panjabi
2076,Rhiannon Giddens
2077,Michael Bierut
2078,Michael Patrick Lynch
2079,Justin Davidson
2080,Carina Morillo
2081,Mehdi Ordikhani-Seyedlar
2082,Anne Lamott
2083,Richard Browning
2084,Katrina Spade
2085,Sharon Terry
2086, Sofi Tukker
2087,Jim Yong Kim
2088,Anab Jain
2089,David Miliband
2090,SinÃ©ad Burke
2091,Cheyenne Cochrane
2092,Luma Mufleh
2093,Rabbi Lord Jonathan Sacks
2094,Jorge Ramos
2095,Liz Hajek
2096,Adam Alter
2097,Kate Marvel
2098,Anil Seth
2099,Tricia Wang
2100,Susan Robinson
2101,Grace Kim
2102,Jimmy Lin
2103,Jennifer Pluznick
2104,Marc Raibert
2105,Titus Kaphar
2106,Ingrid Betancourt
2107,FranÃ§oise Mouly
2108,Joseph Redmon
2109,Tom Gruber
2110,Anjan Chatterjee
2111,Ashton Applewhite
2112,David Baron
2113,Jon Boogz and Lil Buck
2114,Anne Madden
2115,Damon Davis
2116,Manoush Zomorodi
2117,Ronald Sullivan
2118,Jack Conte
2119,Peter Calthorpe
2120,Richard J. Berry
2121,Susan Pinker
2122,Anika Paulson
2123,Cathy O'Neil
2124,Iyad Rahwan
2125,David Whyte
2126,Robin Hanson
2127,Carolyn Bertozzi
2128,Laolu Senbanjo
2129,Niki Okuk
2130,Wanuri Kahiu
2131,Tara Winkler
2132,Noriko Arai
2133,Jennifer Granick
2134,Chance Coughenour
2135,Chetan Bhatt
2136,Daan Roosegaarde
2137,Erin Marie Saltman
2138,Ray Dalio
2139,TomaÌs Saraceno
2140,Benjamin Grant
2141,OluTimehin Adegbeye
2142,Caitlin Quattromani and Lauran Arledge
2143,Emily Esfahani Smith
2144,Alexander Wagner
2145,Pierre Thiam
2146,Augie Picado
2147,Helen Czerski
2148,Sethembile Msezane
2149,Jun Wang
2150,OluÌfeÌÌ£mi TaÌiÌwoÌ€
2151,Duarte Geraldino
2152,Armando Azua-Bustos
2153,Radhika Nagpal
2154,Theo E.J. Wilson
2155,Karoliina Korppoo
